InvoiceID,InvoiceNo,Date,BilledToName,BilledToAddress,GrandTotal,AmountPaid,Status,Current_IsInternal,Proposed_IsInternal,CustomerID,CustomerName,MachineID,MachineName,Proposed_Accounting_Treatment,Notes_Rationale
1,"INV/2026/05/001","2026-05-22","SL - 14","Edward and Christie No. 64/9, Nawala Road,  Nugegoda, Sri Lanka",7867.0718,7867.07,"Finalized",1,1,1,"Internal / Own Fleet",10,"SL - 14","Internal Workshop Cost (Dr 6900 / Cr 1300) - No Customer AR/Revenue","Workshop address indicates own fleet/plant equipment"
2,"INV/2026/05/002","2026-05-25","HEX-21","Edward and Christie No. 64/9, Nawala Road,  Nugegoda,Sri Lanka",15411.6425,15411.64,"Finalized",1,1,1,"Internal / Own Fleet",4,"HEX-21","Internal Workshop Cost (Dr 6900 / Cr 1300) - No Customer AR/Revenue","Workshop address indicates own fleet/plant equipment"
3,"INV/2026/05/003","2026-05-25","HEX-41","Edward and Christie No. 64/9, Nawala Road,  Nugegoda,Sri Lanka",24067.8647,24067.86,"Finalized",1,1,1,"Internal / Own Fleet",6,"HEX-41","Internal Workshop Cost (Dr 6900 / Cr 1300) - No Customer AR/Revenue","Workshop address indicates own fleet/plant equipment"
4,"INV/2026/05/004","2026-05-25","Service Truck Grease Gun","Edward and Christie No. 64/9, Nawala Road,  Nugegoda,Sri Lanka",5912.5198,5912.52,"Finalized",1,1,1,"Internal / Own Fleet",12,"Service Truck Grease Gun","Internal Workshop Cost (Dr 6900 / Cr 1300) - No Customer AR/Revenue","Workshop address indicates own fleet/plant equipment"
5,"INV/2026/05/005","2026-05-25","Lathshop Press Machine Hose","Edward and Christie No. 64/9, Nawala Road, Nugegoda,Sri Lanka ",977.276,977.28,"Finalized",1,1,1,"Internal / Own Fleet",7,"Lathshop Press Machine Hose","Internal Workshop Cost (Dr 6900 / Cr 1300) - No Customer AR/Revenue","Workshop address indicates own fleet/plant equipment"
6,"INV/2026/05/006","2026-05-26","Tractor Hose","Edward and Christie No. 64/9, Nawala Road, Nugegoda,Sri Lanka",11119.5685,11119.57,"Finalized",1,1,1,"Internal / Own Fleet",16,"Tractor Hose","Internal Workshop Cost (Dr 6900 / Cr 1300) - No Customer AR/Revenue","Workshop address indicates own fleet/plant equipment"
7,"INV/2026/06/001","2026-06-07","HEX-27","No. 64/9, Nawala Road, Nugegoda, Sri Lanka",10881.9683,0,"Cancelled",1,1,1,"Internal / Own Fleet",5,"HEX-27","Internal Workshop Cost (Dr 6900 / Cr 1300) - No Customer AR/Revenue","Workshop address indicates own fleet/plant equipment"
8,"INV/2026/06/002","2026-06-10","HEX-41","Edward & Christie No. 64/9, Nawala Road,  Nugegoda, Sri Lanka",2015.6318,0,"Cancelled",1,1,1,"Internal / Own Fleet",6,"HEX-41","Internal Workshop Cost (Dr 6900 / Cr 1300) - No Customer AR/Revenue","Workshop address indicates own fleet/plant equipment"
9,"INV/2026/06/003","2026-06-23","ZA-7092","Edward and Christie No. 64/9, Nawala Road, Nugegoda,Sri Lanka",6764.5823,0,"Cancelled",1,1,1,"Internal / Own Fleet",17,"ZA-7092","Internal Workshop Cost (Dr 6900 / Cr 1300) - No Customer AR/Revenue","Workshop address indicates own fleet/plant equipment"
10,"INV/2026/06/004","2026-06-23","Standby Hose","Edward and Christie No. 64/9, Nawala Road, Nugegoda,Sri Lanka",13529.1646,0,"Cancelled",1,1,1,"Internal / Own Fleet",13,"Standby Hose","Internal Workshop Cost (Dr 6900 / Cr 1300) - No Customer AR/Revenue","Workshop address indicates own fleet/plant equipment"
11,"INV/2026/06/005","2026-06-23","HEX-41","Edward and Christie No. 64/9, Nawala Road, Nugegoda,Sri Lanka",8309.5335,0,"Cancelled",1,1,1,"Internal / Own Fleet",6,"HEX-41","Internal Workshop Cost (Dr 6900 / Cr 1300) - No Customer AR/Revenue","Workshop address indicates own fleet/plant equipment"
12,"INV/2026/07/001","2026-07-13","HEX-27","No. 64/9, Nawala Road, Nugegoda, Sri Lanka",15203.2,15203.2,"Finalized",1,1,1,"Internal / Own Fleet",5,"HEX-27","Internal Workshop Cost (Dr 6900 / Cr 1300) - No Customer AR/Revenue","Workshop address indicates own fleet/plant equipment"
13,"INV/2026/07/002","2026-07-13","HEX-41","No. 64/9, Nawala Road, Nugegoda, Sri Lanka",4267.2,4267.2,"Finalized",1,1,1,"Internal / Own Fleet",6,"HEX-41","Internal Workshop Cost (Dr 6900 / Cr 1300) - No Customer AR/Revenue","Workshop address indicates own fleet/plant equipment"
14,"INV/2026/07/003","2026-07-13","PTR-10","No. 64/9, Nawala Road, Nugegoda, Sri Lanka",4147.2,4147.2,"Finalized",1,1,1,"Internal / Own Fleet",9,"PTR-10","Internal Workshop Cost (Dr 6900 / Cr 1300) - No Customer AR/Revenue","Workshop address indicates own fleet/plant equipment"
15,"INV/2026/07/004","2026-07-13","ZA-7092","No. 64/9, Nawala Road, Nugegoda, Sri Lanka",5622.4,5622.4,"Finalized",1,1,1,"Internal / Own Fleet",17,"ZA-7092","Internal Workshop Cost (Dr 6900 / Cr 1300) - No Customer AR/Revenue","Workshop address indicates own fleet/plant equipment"
16,"INV/2026/07/005","2026-07-13","Standby for Sites ( JCB )","No. 64/9, Nawala Road, Nugegoda, Sri Lanka",11244.8,11244.8,"Finalized",1,1,1,"Internal / Own Fleet",15,"Standby for Sites ( JCB )","Internal Workshop Cost (Dr 6900 / Cr 1300) - No Customer AR/Revenue","Workshop address indicates own fleet/plant equipment"
17,"INV/2026/07/006","2026-07-14","FL-02","No. 64/9, Nawala Road, Nugegoda, Sri Lanka",12009.6,12009.6,"Finalized",1,1,1,"Internal / Own Fleet",2,"FL-02","Internal Workshop Cost (Dr 6900 / Cr 1300) - No Customer AR/Revenue","Workshop address indicates own fleet/plant equipment"
18,"INV/2026/07/007","2026-07-14","Standby MultiJack Seal ( JCB )","No. 64/9, Nawala Road, Nugegoda, Sri Lanka",62553.6,0,"Cancelled",1,1,1,"Internal / Own Fleet",14,"Standby MultiJack Seal ( JCB )","Internal Workshop Cost (Dr 6900 / Cr 1300) - No Customer AR/Revenue","Workshop address indicates own fleet/plant equipment"
19,"INV/2026/07/008","2026-07-14","ZB-1548","No. 64/9, Nawala Road, Nugegoda, Sri Lanka",14316.8,14316.8,"Finalized",1,1,1,"Internal / Own Fleet",18,"ZB-1548","Internal Workshop Cost (Dr 6900 / Cr 1300) - No Customer AR/Revenue","Workshop address indicates own fleet/plant equipment"
20,"INV/2026/07/009","2026-07-14","HEX-18"," No. 64/9, Nawala Road, Nugegoda, Sri Lanka",4950.4,4950.4,"Finalized",1,1,1,"Internal / Own Fleet",3,"HEX-18","Internal Workshop Cost (Dr 6900 / Cr 1300) - No Customer AR/Revenue","Workshop address indicates own fleet/plant equipment"
21,"INV/2026/07/010","2026-07-14","Service Bay","No. 64/9, Nawala Road, Nugegoda, Sri Lanka",2691.2,2691.2,"Finalized",1,1,1,"Internal / Own Fleet",11,"Service Bay","Internal Workshop Cost (Dr 6900 / Cr 1300) - No Customer AR/Revenue","Workshop address indicates own fleet/plant equipment"
22,"INV/2026/07/011","2026-07-14","HEX-18","No. 64/9, Nawala Road, Nugegoda, Sri Lanka",3638.4,3638.4,"Finalized",1,1,1,"Internal / Own Fleet",3,"HEX-18","Internal Workshop Cost (Dr 6900 / Cr 1300) - No Customer AR/Revenue","Workshop address indicates own fleet/plant equipment"
23,"INV/2026/07/012","2026-07-14","Dananjaya","External",5742.4,5742.4,"Finalized",0,0,3,"Dananjaya",,"","Customer Sale (Dr 1200 AR, Dr 5100 COGS / Cr 4100 Sales, Cr 1300 Stock)","External customer contact/phone"
24,"INV/2026/07/013","2026-07-20","Standby MultiJack Seal ( JCB )","No. 64/9, Nawala Road, Nugegoda, Sri Lanka",48153.6,48153.6,"Finalized",1,1,1,"Internal / Own Fleet",14,"Standby MultiJack Seal ( JCB )","Internal Workshop Cost (Dr 6900 / Cr 1300) - No Customer AR/Revenue","Workshop address indicates own fleet/plant equipment"
25,"INV/2026/07/014","2026-07-20","ZA-7092","No. 64/9, Nawala Road, Nugegoda, Sri Lanka",6718.4,6718.4,"Finalized",1,1,1,"Internal / Own Fleet",17,"ZA-7092","Internal Workshop Cost (Dr 6900 / Cr 1300) - No Customer AR/Revenue","Workshop address indicates own fleet/plant equipment"
26,"INV/2026/07/015","2026-07-24","Kalum Sudarshana","075-5327090",11860,11860,"Finalized",0,0,5,"Kalum Sudarshana",,"","Customer Sale (Dr 1200 AR, Dr 5100 COGS / Cr 4100 Sales, Cr 1300 Stock)","External customer contact/phone"
27,"INV/2026/07/016","2026-07-24","HA Indika","0777697650",4360,4360,"Finalized",0,0,4,"HA Indika",,"","Customer Sale (Dr 1200 AR, Dr 5100 COGS / Cr 4100 Sales, Cr 1300 Stock)","External customer contact/phone"
28,"INV/2026/07/017","2026-07-24","Sankalpa","0764038889",6652.8,6652.8,"Finalized",0,0,6,"Sankalpa",,"","Customer Sale (Dr 1200 AR, Dr 5100 COGS / Cr 4100 Sales, Cr 1300 Stock)","External customer contact/phone"
29,"INV/2026/07/018","2026-07-25","Akila","0769299809",3800,3800,"Finalized",0,0,2,"Akila",,"","Customer Sale (Dr 1200 AR, Dr 5100 COGS / Cr 4100 Sales, Cr 1300 Stock)","External customer contact/phone"
30,"INV/2026/07/019","2026-07-29","HEX-18","No. 64/9, Nawala Road, Nugegoda, Sri Lank",3798.4,3798.4,"Finalized",1,1,1,"Internal / Own Fleet",3,"HEX-18","Internal Workshop Cost (Dr 6900 / Cr 1300) - No Customer AR/Revenue","Workshop address indicates own fleet/plant equipment"
31,"INV/2026/08/001","2026-08-16","HEX-18","No. 64/9, Nawala Road, Nugegoda, Sri Lank",6054.4,6054.4,"Finalized",1,1,1,"Internal / Own Fleet",3,"HEX-18","Internal Workshop Cost (Dr 6900 / Cr 1300) - No Customer AR/Revenue","Workshop address indicates own fleet/plant equipment"
32,"INV/2026/08/002","2026-08-16","HEX-18","No. 64/9, Nawala Road, Nugegoda, Sri Lank",4566.4,4566.4,"Finalized",1,1,1,"Internal / Own Fleet",3,"HEX-18","Internal Workshop Cost (Dr 6900 / Cr 1300) - No Customer AR/Revenue","Workshop address indicates own fleet/plant equipment"
33,"INV/2026/08/003","2026-08-16","MG-06","No. 64/9, Nawala Road, Nugegoda, Sri Lank",4652.8,4652.8,"Finalized",1,1,1,"Internal / Own Fleet",8,"MG-06","Internal Workshop Cost (Dr 6900 / Cr 1300) - No Customer AR/Revenue","Workshop address indicates own fleet/plant equipment"
34,"INV/2026/08/004","2026-08-16","48-8072","No. 64/9, Nawala Road, Nugegoda, Sri Lank",4446.4,4446.4,"Finalized",1,1,1,"Internal / Own Fleet",1,"48-8072","Internal Workshop Cost (Dr 6900 / Cr 1300) - No Customer AR/Revenue","Workshop address indicates own fleet/plant equipment"
35,"INV/2026/08/005","2026-08-16","48-8072","No. 64/9, Nawala Road, Nugegoda, Sri Lank",6670.4,6670.4,"Finalized",1,1,1,"Internal / Own Fleet",1,"48-8072","Internal Workshop Cost (Dr 6900 / Cr 1300) - No Customer AR/Revenue","Workshop address indicates own fleet/plant equipment"
36,"INV/2026/08/006","2026-08-16","48-8072","No. 64/9, Nawala Road, Nugegoda, Sri Lank",3596,3596,"Finalized",1,1,1,"Internal / Own Fleet",1,"48-8072","Internal Workshop Cost (Dr 6900 / Cr 1300) - No Customer AR/Revenue","Workshop address indicates own fleet/plant equipment"
37,"INV/2026/08/007","2026-08-20","ZA-7092","No. 64/9, Nawala Road, Nugegoda, Sri Lank",12166.4,0,"Finalized",1,1,1,"Internal / Own Fleet",17,"ZA-7092","Internal Workshop Cost (Dr 6900 / Cr 1300) - No Customer AR/Revenue","Workshop address indicates own fleet/plant equipment"